ABWD,ABW,Abbey WoodABER,ABE,AberABRCYNS,ACY,AbercynonABDARE,ABA,AberdareABRDEEN,ABD,AberdeenABDO,AUR,AberdourABDVY,AVY,AberdoveyABRE,ABH,AbererchABRGVNY,AGV,AbergavennyABGLELE,AGL,Abergele & PensarnABRYSTH,AYW,AberystwythACRNGTN,ACR,AccringtonACHANLT,AAT,AchanaltACHNSHN,ACN,AchnasheenACHHSHL,ACH,AchnashellachACKLNGT,ACK,AcklingtonACLE,ACL,AcleACOCKSG,ACG,Acocks GreenACBG,ACB,Acton BridgeACTNCTL,ACC,Acton CentralACTONML,AML,Acton Main LineADERLYP,ADD,Adderley ParkADIEWEL,ADW,AddiewellADLESTN,ASN,AddlestoneADISHAM,ADM,AdishamADLC,ADC,Adlington (Cheshire)ADNL,ADL,Adlington (Lancashire)ADWICK,AWK,AdwickAIGBURT,AIG,AigburthAINSDAL,ANS,AinsdaleAINTREE,AIN,AintreeAIRBLES,AIR,AirblesAIRDRIE,ADR,AirdrieALBNYPK,AYP,Albany ParkALBRGHT,ALB,AlbrightonALDEDGE,ALD,Alderley EdgeALDMSTN,AMT,AldermastonALDRSHT,AHT,AldershotALDTON,AGT,AldringtonALEXNDP,AAP,Alexandra PalaceALXPD,AXP,Alexandra ParadeALXANDR,ALX,AlexandriaALFRETN,ALF,AlfretonALLENSW,ALW,Allens WestALLOA,ALO,AlloaALNESS,ASS,AlnessALNMOTH,ALM,AlnmouthALRESFD,ALR,Alresford (Essex)ALSAGER,ASG,AlsagerALTHORN,ALN,AlthorneALTPE,ALP,AlthorpeALTNBRC,ABC,AltnabreacALTON,AON,AltonALTRNHM,ALT,AltrinchamALVCHRC,ALV,AlvechurchAMBERGT,AMB,AmbergateAMLY,AMY,AmberleyAMERSHM,AMR,AmershamAMMANFD,AMF,AmmanfordANCASTR,ANC,AncasterANDRSTN,AND,AnderstonANDOVER,ADV,AndoverANERLEY,ANZ,AnerleyANGELRD,AGR,Angel RoadANGMRNG,ANG,AngmeringANNAN,ANN,AnnanANSL,ANL,AnnieslandANSDELL,AFV,Ansdell & FairhavenAPBY,APP,ApplebyAPDR,APD,Appledore (Kent)APPLEFD,APF,ApplefordAPLYBDG,APB,Appley BridgeAPSLEY,APS,ApsleyARBROTH,ARB,ArbroathARDGAY,ARD,ArdgayARDLUI,AUI,ArdluiARDRSHB,ADS,Ardrossan HarbourARDRSSB,ASB,Ardrossan South BeachARDRSTN,ADN,Ardrossan TownARDWICK,ADK,ArdwickARGYLST,AGS,Argyle StreetARISAIG,ARG,ArisaigARLSEY,ARL,ArleseyARMDALE,ARM,ArmadaleARMTHWT,AWT,ArmathwaiteARNSIDE,ARN,ArnsideARRAM,ARR,ArramARCHRAT,ART,Arrochar & TarbetARUNDEL,ARU,ArundelASCOT,ACT,AscotASCTUWD,AUW,Ascott-under-WychwoodASHH,ASH,AshASHVALE,AHV,Ash ValeASHBRYS,ABY,AshburysASHCHRC,ASC,Ashchurch for TewkesburyASFIELD,ASF,AshfieldASFDMSX,AFS,Ashford (Surrey)ASHFKY,AFK,Ashford InternationalASHLEY,ASY,AshleyASHD,AHD,AshteadASHONUL,AHN,Ashton-under-LyneASHURST,AHS,AshurstLYNDHRD,ANF,Ashurst New ForestASHWELC,AWM,Ashwell & MordenASKAM,ASK,AskamASLCKTN,ALK,AslocktonASPTRIA,ASP,AspatriaASPLEYG,APG,Aspley GuiseASTON,AST,AstonATHRSTN,ATH,AtherstoneATHERTN,ATN,AthertonATADALE,ATT,AttadaleATNBRO,ATB,AttenboroughATTLBON,ATL,AttleboroughACHILCK,AUK,AuchinleckAUDLEYE,AUD,Audley EndAGHTNPH,AUG,Aughton ParkAVIEMRE,AVM,AviemoreAVNCLFF,AVF,AvoncliffAVONMTH,AVN,AvonmouthAXMNSTR,AXM,AxminsterAYLSBRY,AYS,AylesburyAYLSPWY,AVP,Aylesbury Vale ParkwayAYLESFD,AYL,AylesfordALSHAM,AYH,AyleshamAYRR,AYR,AyrBACHE,BAC,BacheBGLAN,BAJ,BaglanBAGSHOT,BAG,BagshotBAILDON,BLD,BaildonBALISTN,BIO,BailliestonBALCOMB,BAB,BalcombeBALDOCK,BDK,BaldockBALHAM,BAL,BalhamBALLOCH,BHC,BallochBALMOSS,BSI,BalmossieBMBRBDG,BMB,Bamber BridgeBAMFORD,BAM,BamfordBANAVIE,BNV,BanavieBNBR,BAN,BanburyBANGOR,BNG,Bangor (Gwynedd)BNKHALL,BAH,Bank HallBANSTED,BAD,BansteadBARASIE,BSS,BarassieBRBCNLT,ZBB,BarbicanBRDNML,BLL,Bardon MillBARELA,BAR,Bare LaneBRGDDIE,BGI,BargeddieBARGOED,BGD,BargoedBARKING,BKG,BarkingBARLSTN,BRT,BarlastonBARMING,BMG,BarmingBRMOUTH,BRM,BarmouthBRNHRST,BNH,BarnehurstBARNES,BNS,BarnesBNSBDGE,BNI,Barnes BridgeBNTBY,BTB,BarnetbyBRHM,BAA,BarnhamBNHL,BNL,BarnhillBNSLY,BNY,BarnsleyBRNSTPL,BNP,BarnstapleBGRN,BTG,Barnt GreenBRHD,BRR,BarrheadBRRHL,BRL,BarrhillBARWHVN,BAV,Barrow HavenBAROWOS,BWS,Barrow upon SoarBAROW,BIF,Barrow-in-FurnessBARRY,BRY,BarryBARRYDK,BYD,Barry DocksBARRYIS,BYI,Barry IslandBRRYLNK,BYL,Barry LinksBRTHMBR,BAU,Barton-on-HumberBASILDN,BSO,BasildonBSNGSTK,BSK,BasingstokeBATABAL,BBL,Bat & BallBATHSPA,BTH,Bath SpaBTHGATE,BHG,BathgateBATLEY,BTL,BatleyBTRSBY,BTT,BattersbyBATRSPK,BAK,Battersea ParkBATTLE,BAT,BattleBTLSBDG,BLB,BattlesbridgeBAYFORD,BAY,BayfordBCNSFLD,BCF,BeaconsfieldBEARLEY,BER,BearleyBSDN,BRN,BearsdenBSTD,BSD,BearstedBEASDAL,BSL,BeasdaleBLIEURD,BEU,Beaulieu RoadBEAULY,BEL,BeaulyBEBNGTN,BEB,BebingtonBECCLES,BCC,BecclesBCKNHMH,BEC,Beckenham HillBCKNHMJ,BKJ,Beckenham JunctionBEDFDM,BDM,BedfordBESJOHN,BSJ,Bedford St JohnsBDHMPTN,BDH,BedhamptonBDMNSTR,BMT,BedminsterBEDWRTH,BEH,BedworthBEDYN,BDW,BedwynBESTON,BEE,BeestonBEKSBRN,BKS,BekesbourneBLLVUE,BLV,Belle VueBLGRVE,BLG,BellgroveBELNGHM,BGM,BellinghamBLSHL,BLH,BellshillBELM,BLM,BelmontBELPER,BLP,BelperBLTRNAB,BEG,BeltringBELVEDR,BVD,BelvedereBEMPTON,BEM,BemptonBNRHYDN,BEY,Ben RhyddingBENFLET,BEF,BenfleetBNTHAM,BEN,BenthamBNTEY,BTY,Bentley (Hampshire)BTLYSY,BYK,Bentley (South Yorkshire)BEREALS,BAS,Bere AlstonBEREFRS,BFE,Bere FerrersBERKHMD,BKM,BerkhamstedBKSWELL,BKW,BerkswellBRNYARM,BYA,Berney ArmsBERRYB,BBW,Berry BrowBRLANDS,BRS,BerrylandsBERWICK,BRK,Berwick (Sussex)BRWCKUT,BWK,Berwick-upon-TweedBESCRLA,BES,Bescar LaneBSCTSTA,BSC,Bescot StadiumBTCHWTH,BTO,BetchworthBTHNLGR,BET,Bethnal GreenBETSYCD,BYC,Betws-y-CoedBEVERLY,BEV,BeverleyBEXHILL,BEX,BexhillBEXLEY,BXY,BexleyBXLYHTH,BXH,BexleyheathBCSTN,BCS,Bicester NorthBCSTRTN,BIT,Bicester TownBICKLEY,BKL,BickleyBDSTON,BID,BidstonBIGLSWD,BIW,BiggleswadeBILBROK,BBK,BilbrookBILERCY,BIC,BillericayBLNGHM,BIL,BillinghamBILSHST,BIG,BillingshurstBINGHAM,BIN,BinghamBNGY,BIY,BingleyBCHGRV,BCG,BirchgroveBCNGNOS,BCH,Birchington-on-SeaBIRCHWD,BWD,BirchwoodBIRKBCK,BIK,BirkbeckBKDLE,BDL,BirkdaleBRKNHDC,BKC,Birkenhead CentralBRKNHDN,BKN,Birkenhead NorthBRKNHDP,BKP,Birkenhead ParkBHAMINT,BHI,Birmingham InternationalBHAMMRS,BMO,Birmingham Moor StreetBHAMNWS,BHM,Birmingham New StreetBHAMSNH,BSW,Birmingham Snow HillBSAUKLD,BIA,Bishop AucklandBSHB,BBG,BishopbriggsBSPSLYD,BIB,Bishops LydeardBSHPSFD,BIS,Bishops StortfordBSSN,BIP,BishopstoneBISHPTN,BPT,BishoptonBITERNE,BTE,BitterneBLKB,BBN,BlackburnBLKHTH,BKH,BlackheathBLCHSRD,BHO,Blackhorse RoadBLCKPLN,BPN,Blackpool NorthBLCKPB,BPB,Blackpool Pleasure BeachBLCKS,BPS,Blackpool SouthBLKRDGE,BKR,BlackridgeBLRD,BLK,BlackrodBCKWATR,BAW,BlackwaterBLAENAU,BFF,Blaenau FfestiniogBLARATH,BLA,Blair AthollBLAIRHL,BAI,BlairhillBLKST,BKT,Blake StreetBLAKEDN,BKD,BlakedownBLANTYR,BLT,BlantyreBLAYDON,BLO,BlaydonBLEASBY,BSB,BleasbyBLTCHLY,BLY,BletchleyBLOXWCH,BLX,BloxwichBLOXN,BWN,Bloxwich NorthBLNDLAC,BLN,Blundellsands & CrosbyBLYBDGE,BYB,Blythe BridgeBODMNPW,BOD,Bodmin ParkwayBODORGN,BOR,BodorganBOGNORR,BOG,Bognor RegisBOGSTON,BGS,BogstonBOLTON,BON,BoltonBLTNODR,BTD,Bolton-on-DearneBOOKHAM,BKA,BookhamBOOTLE,BOC,BootleBOOTLNS,BNW,Bootle New StrandBOOTLOR,BOT,Bootle Oriel RoadBRDS,BBS,BordesleyBORWGAW,BRG,Borough Green & WrothamBORTH,BRH,BorthBOSHAM,BOH,BoshamBOSTON,BSN,BostonBOTLEY,BOE,BotleyBOTESFD,BTF,BottesfordBORNEND,BNE,Bourne EndBOMO,BMH,BournemouthBOURNVL,BRV,BournvilleBOWBRKH,BWB,Bow BrickhillBOWESPK,BOP,Bowes ParkBOWLING,BWG,BowlingBOXHAWH,BXW,Boxhill & WesthumbleBRACKNL,BCE,BracknellBRADFS,BDQ,Bradford Forster SquareBRADIN,BDI,Bradford InterchangeBRDFDOA,BOA,Bradford-on-AvonBRDING,BDN,BradingBRAINTR,BTR,BraintreeBRAINFP,BTP,Braintree FreeportBMHL,BML,BramhallBMLY,BMY,Bramley (Hampshire)BRMLYSR,BLE,Bramley (West Yorkshire)BRMPTNC,BMP,Brampton (Cumbria)BRAMPTN,BRP,Brampton (Suffolk)BRNCHTN,BCN,BranchtonBNDON,BND,BrandonBRANKSM,BSM,BranksomeBRYSTNS,BYS,BraystonesBREDBRY,BDY,BredburyBREICH,BRC,BreichBNTFORD,BFD,BrentfordBRTWOOD,BRE,BrentwoodBCWD,BWO,Bricket WoodBGOALAN,BEA,Bridge of AllanBOORCHY,BRO,Bridge of OrchyBRGEND,BGN,BridgendBRIDGTN,BDG,BridgetonBRDGWTR,BWT,BridgwaterBRDLNGT,BDT,BridlingtonBRIERFL,BRF,BrierfieldBRGG,BGG,BriggBRHOUSE,BGH,BrighouseBRGHTN,BTN,BrightonBRIMSDN,BMD,BrimsdownBRNGTN,BNT,BrinningtonBRSTPWY,BPW,Bristol ParkwayBRSTLTM,BRI,Bristol Temple MeadsBRITHDR,BHD,BrithdirREDCBSC,RBS,British Steel RedcarBRITFRY,BNF,Briton FerryBRIXTON,BRX,BrixtonBROADGR,BGE,Broad GreenBRBM,BDB,BroadbottomBRSR,BSR,BroadstairsBKNHRST,BCU,BrockenhurstBKHLS,BHS,BrockholesBROCKLY,BCY,BrockleyBRWHINS,BNR,Brockley WhinsBRMB,BOM,BromboroughBRMBRK,BMR,Bromborough RakeBRMCRSS,BMC,Bromley CrossBROMLYN,BMN,Bromley NorthBROMLYS,BMS,Bromley SouthBRMSGRV,BMV,BromsgroveBRBY,BSY,BrondesburyBRBYPK,BSP,Brondesbury ParkBRKMNPK,BPK,Brookmans ParkBRKWOOD,BKO,BrookwoodBROOME,BME,BroomeBRFT,BMF,BroomfleetBRORA,BRA,BroraBROUGH,BUH,BroughBRFRY,BYF,Broughty FerryBROXBRN,BXB,BroxbourneBRUCGRV,BCV,Bruce GroveBRUNDAL,BDA,BrundallBRUNDLG,BGA,Brundall GardensBRUSTAN,BSU,BrunstaneBNWK,BRW,BrunswickBRUTON,BRU,BrutonBRYN,BYN,BrynBUCKNHM,BUC,BuckenhamBCKY,BCK,BuckleyBKNELL,BUK,BucknellBUGLE,BGL,BugleBUILTHR,BHR,Builth RoadBULWELL,BLW,BulwellBURES,BUE,BuresBURGESH,BUG,Burgess HillBRLEYPK,BUY,Burley ParkBURLYIW,BUW,Burley-in-WharfedaleBAGE,BNA,BurnageBNSD,BUD,BurnesideBNHAM,BNM,BurnhamBRNMONC,BUU,Burnham-on-CrouchBURNLYB,BUB,Burnley BarracksBURNLYC,BNC,Burnley CentralBURNMR,BYM,Burnley Manchester RoadBRSDE,BUI,BurnsideBISLND,BTS,BurntislandBRSCGHB,BCB,Burscough BridgeBRSCGHJ,BCJ,Burscough JunctionBURSLDN,BUO,BursledonBRTJYC,BUJ,Burton JoyceBURTNOT,BUT,Burton-on-TrentBSTEDMS,BSE,Bury St EdmundsBUSBY,BUS,BusbyBHILLPK,BHK,Bush Hill ParkBUSHEY,BSH,BusheyBTLRSLA,BUL,Butlers LaneBXTD,BXD,BuxtedBUXTON,BUX,BuxtonBYFLANH,BFN,Byfleet & New HawBYNEA,BYE,ByneaCADOXTN,CAD,CadoxtonCAERGWL,CGW,CaergwrleCRPHLY,CPH,CaerphillyCARSWS,CWS,CaerswsCLDRCRX,CAC,CaldercruixCDCOT,CDT,CaldicotCLDNNRB,CIR,Caledonian Rd & BarnsburyCALSTCK,CSK,CalstockDURSLEY,CDU,Cam & DursleyCMBLEY,CAM,CamberleyCBORNE,CBN,CamborneCAMBDGE,CBG,CambridgeCAMHTH,CBH,Cambridge HeathCMBSLNG,CBL,CambuslangCMDNRD,CMD,Camden RoadCAMELON,CMO,CamelonCNDAW,ZCW,Canada WaterCANLEY,CNL,CanleyCNCK,CAO,CannockCNNB,CNN,CanonburyCNTBE,CBE,Canterbury EastCNTBW,CBW,Canterbury WestCNTLEY,CNY,CantleyCPNHRST,CPU,CapenhurstCARBISB,CBB,Carbis BayCDND,CDD,CardendenCARDFBR,CDB,Cardiff BayCRDFCEN,CDF,Cardiff CentralCARDFQS,CDQ,Cardiff Queen StreetCDNL,CDO,CardonaldCDRS,CDR,CardrossCARFIN,CRF,CarfinCARK,CAK,CarkCARLILE,CAR,CarlisleCRTN,CTO,CarltonCRLK,CLU,CarlukeCMTHN,CMN,CarmarthenCARMYLE,CML,CarmyleCRNF,CNF,CarnforthCNST,CAN,CarnoustieCNTY,CAY,CarntyneCRPNDPK,CPK,Carpenders ParkCARRBDG,CAG,CarrbridgeCRSHLTN,CSH,CarshaltonCRSHLTB,CSB,Carshalton BeechesCRSTRS,CRS,CarstairsCRTSDYK,CDY,CartsdykeCBARPAR,CBP,Castle Bar ParkCCARY,CLC,Castle CaryCASTLFD,CFD,CastlefordCSTL,CAS,CastletonCTNM,CSM,Castleton MoorCATERHM,CAT,CaterhamCATFORD,CTF,CatfordCATFBDG,CFB,Catford BridgeCATHAYS,CYS,CathaysCCRT,CCT,CathcartCATTAL,CTL,CattalCAUSLND,CAU,CauselandCEFNYBD,CYB,Cefn-y-BeddCHDWLHT,CTH,Chadwell HeathCHADHDD,CFH,Chafford HundredCHLFNAL,CFO,Chalfont and LatimerCHLKWEL,CHW,ChalkwellCSFD,CFR,Chandlers FordCHEF,CEF,Chapel-en-le-FrithCHAPLTN,CPN,ChapeltonCHPLTWN,CLN,ChapeltownCHPWKSC,CWC,Chappel & Wakes ColneCRNG,CHG,CharingCHRNGXG,CHC,Charing Cross (Glasgow)CHBURY,CBY,CharlburyCRLN,CTN,CharltonCHARTHM,CRT,CharthamCHASNRD,CSR,Chassen RoadCHTLRT,CTE,ChatelheraultCHATHAM,CTM,ChathamCHHL,CHT,ChathillCHDH,CHU,Cheadle HulmeCHEAM,CHE,CheamCHDNGTN,CED,CheddingtonCHELFD,CEL,ChelfordCHLMSFD,CHM,ChelmsfordCHLSFLD,CLD,ChelsfieldCHLTNHM,CNM,Cheltenham SpaCHEPSTW,CPW,ChepstowCHTR,CYT,Cherry TreeCHTSEY,CHY,ChertseyCHESHNT,CHN,CheshuntCHSSN,CSN,Chessington NorthCHSSS,CSS,Chessington SouthCHST,CTR,ChesterCHSRD,CRD,Chester RoadCLST,CLS,Chester-le-StreetCHFD,CHD,ChesterfieldCHSW,CSW,Chestfield & SwalecliffeCHETNOL,CNO,ChetnoleCHCHSTR,CCH,ChichesterCLMN,CIL,ChilhamCHLWTH,CHL,ChilworthCHINGFD,CHI,ChingfordCHNLY,CLY,ChinleyCHIPNHM,CPM,ChippenhamCHSD,CHP,ChipsteadCHIRK,CRK,ChirkCHSLHRS,CIT,ChislehurstCHISWCK,CHK,ChiswickCHOLSEY,CHO,CholseyCHORLEY,CRL,ChorleyCHRW,CLW,ChorleywoodCHRISTC,CHR,ChristchurchCHRSTSH,CHH,Christs HospitalCHOS,CTW,Church & OswaldtwistleCHFN,CHF,Church FentonCSTR,CTT,Church StrettonCILMERY,CIM,CilmeriCTMSLNK,CTK,City ThameslinkCLACTON,CLT,Clacton-on-SeaCLANDON,CLA,ClandonCLPM,CPY,Clapham (North Yorkshire)CLPHHS,CLP,Clapham High StreetCLPHMJN,CLJ,Clapham JunctionCLAPTON,CPT,ClaptonCLARBRD,CLR,Clarbeston RoadCLRKSTN,CKS,ClarkstonCLAVRDN,CLV,ClaverdonCLYGATE,CLG,ClaygateCLTHRPS,CLE,CleethorpesCLELAND,CEA,ClelandCLTN,CLI,CliftonCLFDOWN,CFN,Clifton DownCLITHRO,CLH,ClitheroeCLOCKHS,CLK,Clock HouseCLYNDRW,CUW,ClunderwenCLYBANK,CYK,ClydebankCOATBDC,CBC,Coatbridge CentralCOATBDS,CBS,Coatbridge SunnysideCOATDYK,COA,CoatdykeCBHMSDA,CSD,Cobham & Stoke d'AbernonCODSALL,CSL,CodsallCOGAN,CGN,CoganCLCHSTR,COL,ColchesterCLCHRTN,CET,Colchester TownCOLESHL,CEH,Coleshill ParkwayCLHM,CLM,CollinghamCTNG,CLL,CollingtonCOLNE,CNE,ColneCLWALL,CWL,ColwallCBAY,CWB,Colwyn BayCOMBE,CME,CombeCOMONDL,COM,CommondaleCONGLTN,CNG,CongletonCONBRGH,CNS,ConisbroughCONNELF,CON,Connel FerryCONONLY,CEY,CononleyBRKNCPK,CNP,Conway ParkCONWY,CNW,ConwyCODNBCH,COB,Cooden BeachCOOKHAM,COO,CookhamCOKSBDG,CBR,CooksbridgeCOOMBE,COE,Coombe Junction HaltCOPLSTN,COP,CopplestoneCRBG,CRB,CorbridgeCORBY,COR,CorbyCKHL,CKH,CorkerhillCRCK,CKL,CorkickleCORPACH,CPA,CorpachCORROUR,CRR,CorrourCORYTON,COY,CorytonCOSELEY,CSY,CoseleyCOSFORD,COS,CosfordCOSHAM,CSA,CoshamCTTGHM,CGM,CottinghamCOTNGLY,COT,CottingleyCOLSDNS,CDS,Coulsdon SouthCOLSTWN,CDN,Coulsdon TownCOVNTRY,COV,CoventryCOWDEN,CWN,CowdenCWDNBTH,COW,CowdenbeathCRADLYH,CRA,Cradley HeathCRGDRN,CGD,CraigendoranCRMLNGT,CRM,CramlingtonCRAVENA,CRV,Craven ArmsCRAWLEY,CRW,CrawleyCRFD,CRY,CrayfordCREDITN,CDI,CreditonCRESING,CES,CressingCRSNGTN,CSG,CressingtonCRWLL,CWD,CreswellCREWE,CRE,CreweCRKRN,CKN,CrewkerneCRHL,CWH,Crews HillCRNLRCH,CNR,CrianlarichCRICCTH,CCC,CricciethCRKLWD,CRI,CricklewoodCFFT,CFF,CroftfootCFPK,CFT,Crofton ParkCMER,CMR,CromerCROMFD,CMF,CromfordCROKSTN,CKT,CrookstonCSGT,CRG,Cross GatesCFLATTS,CFL,CrossflattsCROSSHL,COI,CrosshillCRSKEYS,CKY,CrosskeysCRSMYLF,CMY,CrossmyloofCROT,CSO,CrostonCROUCHH,CRH,Crouch HillCBGH,COH,CrowboroughCRWHRST,CWU,CrowhurstCROWLE,CWE,CrowleCRWTHRN,CRN,CrowthorneCROY,CRO,CroyCRYSTLP,CYP,Crystal PalaceCUDNGTN,CUD,CuddingtonCUFFLEY,CUF,CuffleyCULHAM,CUM,CulhamCULRAIN,CUA,CulrainCMBRNLD,CUB,CumbernauldCUPAR,CUP,CuparCURRIEH,CUH,CurriehillCXTN,CUX,CuxtonCMBH,CMH,CwmbachCWMBRAN,CWM,CwmbranCYNGHRD,CYN,CynghordyDGNHMDC,DDK,Dagenham DockDAISYH,DSY,Daisy HillDALGETY,DAG,Dalgety BayDLMALLY,DAL,DalmallyDLMRNOK,DAK,DalmarnockDLMY,DAM,DalmenyDALMUIR,DMR,DalmuirDLREOCH,DLR,DalreochDALRY,DLY,DalryDALSTON,DLS,DalstonDALS,DKJ,Dalston JunctionDALSKLD,DLK,Dalston KingslandDALTON,DLT,DaltonDALWHIN,DLW,DalwhinnieDANBY,DNY,DanbyDANESCT,DCT,DanescourtDANZEY,DZY,DanzeyDLTN,DAR,DarlingtonDARNALL,DAN,DarnallDARSHAM,DSM,DarshamDARTFD,DFD,DartfordDRTN,DRT,DartonDARWEN,DWN,DarwenDATCHET,DAT,DatchetDAVNPRT,DVN,DavenportDAWLISH,DWL,DawlishDAWLSHW,DWW,Dawlish WarrenDEAL,DEA,DealDEAN,DEN,DeanMNCRDGT,DGT,DeansgateDEGANWY,DGY,DeganwyDEIGHTN,DHN,DeightonDELAMER,DLM,DelamereDNDL,DBD,Denby DaleDENHAM,DNM,DenhamDENHMGC,DGC,Denham Golf ClubDENMRKH,DMK,Denmark HillDENT,DNT,DentDNTON,DTN,DentonDEPTFD,DEP,DeptfordDRBY,DBY,DerbyDERBYRD,DBR,Derby RoadDEVNPRT,DPT,DevonportDWBY,DEW,DewsburyDIDCOTP,DID,Didcot ParkwayDIGBY,DIG,Digby & SowtonDILTONM,DMH,Dilton MarshDINASR,DMG,Dinas RhonddaDINASP,DNS,Dinas PowysDGLROAD,DGL,Dingle RoadDINGWAL,DIN,DingwallDINSDAL,DND,DinsdaleDNTG,DTG,DintingDISLEY,DSL,DisleyDISS,DIS,DissDOCKYDP,DOC,DockyardDODWRTH,DOD,DodworthDOLAU,DOL,DolauDOLEHAM,DLH,DolehamDOLGARG,DLG,DolgarrogDLWYDLN,DWD,DolwyddelanDONC,DON,DoncasterDRCHS,DCH,Dorchester SouthDRCHW,DCW,Dorchester WestDORE,DOR,DoreDORKING,DKG,DorkingDEPDENE,DPD,Dorking DeepdeneDRKGW,DKT,Dorking WestDORMANS,DMS,DormansDORIDGE,DDG,DorridgeDVHL,DVH,Dove HolesDOVERP,DVP,Dover PrioryDOVRCRT,DVC,DovercourtDOVYJN,DVY,Dovey JunctionDOWNHAM,DOW,Downham MarketDRAYGRN,DRG,Drayton GreenDRYP,DYP,Drayton ParkDREMJ,DRM,DremDRIFILD,DRF,DriffieldDRIGG,DRI,DriggDRTWCHS,DTW,Droitwich SpaDRONFLD,DRO,DronfieldDRMCHPL,DMC,DrumchapelDRMFCHR,DFR,DrumfrocharDRMGLCH,DRU,DrumgellochDRUMRY,DMY,DrumryDUDESTN,DUD,DuddestonDUDLPT,DDP,Dudley PortDUFIELD,DFI,DuffieldDUIRNSH,DRN,DuirinishDUKEST,DST,Duke StreetDULNGHM,DUL,DullinghamDMBRTNC,DBC,Dumbarton CentralDMBRTNE,DBE,Dumbarton EastDUMBRCK,DUM,DumbreckDUMFRES,DMF,DumfriesDUMPTNP,DMP,Dumpton ParkDUNBAR,DUN,DunbarDUNANE,DBL,DunblaneDUNCRAG,DCG,DuncraigDUNDETB,DEE,DundeeDNFRMQM,DFL,Dunfermline Queen MargaretDNFRMLE,DFE,Dunfermline TownDUNKELD,DKD,Dunkeld & BirnamDNLP,DNL,DunlopDNROBIN,DNO,Dunrobin CastleDNSN,DOT,DunstonDTNG,DNG,Dunton GreenDRHM,DHM,DurhamDRNGTOS,DUR,Durrington-on-SeaDYCE,DYC,DyceDYFRYNA,DYF,Dyffryn ArdudwyEGLSCLF,EAG,EaglescliffeEALINGB,EAL,Ealing BroadwayERLSTWN,ERL,EarlestownERLY,EAR,EarleyERLFLD,EAD,EarlsfieldEARLSWD,ELD,Earlswood (Surrey)ELWD,EWD,Earlswood (West Midlands)EBOLDON,EBL,East BoldonECROYDN,ECR,East CroydonEDIDBRY,EDY,East DidsburyEDULWCH,EDW,East DulwichEFARLGH,EFL,East FarleighEGRFRTH,EGF,East GarforthEGRNSTD,EGR,East GrinsteadEKILBRD,EKL,East KilbrideEMALING,EML,East MallingEMPKWAY,EMD,East Midlands ParkwayETILBRY,ETL,East TilburyEWRTHNG,EWR,East WorthingEBOURNE,EBN,EastbourneEASTBRK,EBK,EastbrookESHS,EST,EasterhouseESTHRAK,ERA,Eastham RakeELGH,ESL,EastleighESTRNGT,EGN,EastringtonEBSFDOM,EBD,Ebbsfleet InternationalEBWVPWY,EBV,Ebbw Vale ParkwayECCLES,ECC,EcclesECLR,ECS,Eccles RoadECPK,ECL,Eccleston ParkEDALE,EDL,EdaleEDPK,EDN,Eden ParkEDNB,EBR,EdenbridgeEDNT,EBT,Edenbridge TownEDGH,EDG,Edge HillEDINBUR,EDB,EdinburghEDINPRK,EDP,Edinburgh ParkEDMNGRN,EDR,Edmonton GreenEFNGHMJ,EFF,Effingham JunctionEGGESFD,EGG,EggesfordEGHAM,EGH,EghamEGTON,EGT,EgtonELPHNAC,EPH,Elephant & CastleELGIN,ELG,ElginELSMPRT,ELP,Ellesmere PortELMERSE,ELE,Elmers EndELMW,ESD,Elmstead WoodsELMSWEL,ESW,ElmswellELSC,ELR,ElsecarELSENHM,ESM,ElsenhamELTR,ELS,Elstree & BorehamwoodELTHAM,ELW,ElthamELTON,ELO,Elton & OrstonELYY,ELY,ElyEMRSPKH,EMP,Emerson ParkEMSWTH,EMS,EmsworthENFC,ENC,Enfield ChaseENFLDLK,ENL,Enfield LockENFLDTN,ENF,Enfield TownENTWISL,ENT,EntwistleEPSM,EPS,EpsomEPSDNS,EPD,Epsom DownsERDNGTN,ERD,ErdingtonERIDGE,ERI,EridgeERITH,ERH,ErithESHER,ESH,EsherESSEXRD,EXR,Essex RoadETCHNGM,ETC,EtchinghamEUXT,EBA,Euxton Balshaw LaneEVESHAM,EVE,EveshamEWELLE,EWE,Ewell EastEWELW,EWW,Ewell WestEXETERC,EXC,Exeter CentralEXETRSD,EXD,Exeter St DavidsEXETRST,EXT,Exeter St ThomasEXHIBTC,EXG,Exhibition CentreEXMOUTH,EXM,ExmouthEXTON,EXN,ExtonEYNSFD,EYN,EynsfordFRBN,FRB,FairbourneFRFD,FRF,FairfieldFAIRLIE,FRL,FairlieFRWATER,FRW,FairwaterFALCNWD,FCN,FalconwoodFALKRKG,FKG,Falkirk GrahamstonFALKRKH,FKK,Falkirk HighFLSCRHN,FOC,Falls of CruachanFAMR,FMR,FalmerFALMTHD,FAL,Falmouth DocksFALMTHT,FMT,Falmouth TownFAREHAM,FRM,FarehamFRBRMN,FNB,Farnborough (Main)FRBRNTH,FNN,Farnborough NorthFRNCMB,FNC,FarncombeFARNHAM,FNH,FarnhamFRNNGRD,FNR,Farningham RoadFRNW,FNW,FarnworthFRNDNLT,ZFD,FarringdonFAULDHS,FLD,FauldhouseFAVRSHM,FAV,FavershamFAYGATE,FGT,FaygateFAZKRLY,FAZ,FazakerleyFEARN,FRN,FearnFTHRSTN,FEA,FeatherstoneFLXSTOW,FLX,FelixstoweFELTHAM,FEL,FelthamFENITON,FNT,FenitonFSTR,FEN,Fenny StratfordFERNHIL,FER,FernhillFERRIBY,FRY,FerribyFYSD,FYS,FerrysideFFAIRFC,FFA,FfairfachFILEY,FIL,FileyFILTNEW,FIT,Filton Abbey WoodFNCHLYR,FNY,Finchley Road & FrognalFNPK,FPK,Finsbury ParkFINSTCK,FIN,FinstockFSHBORN,FSB,FishbourneFSHRSGT,FSG,FishersgateFGDHBR,FGH,Fishguard HarbourFISKRTN,FSK,FiskertonFITZWLM,FZW,FitzwilliamFIVEWYS,FWY,Five WaysFLEET,FLE,FleetFLIMBY,FLM,FlimbyFLINT,FLN,FlintFLITWCK,FLT,FlitwickFLIXTON,FLI,FlixtonFLWRYFD,FLF,Flowery FieldFLKSTNC,FKC,Folkestone CentralFLKSTNW,FKW,Folkestone WestFORD,FOD,FordFRSTGT,FOG,Forest GateFORESTH,FOH,Forest HillFORMBY,FBY,FormbyFORRES,FOR,ForresFORSNRD,FRS,ForsinardFRTMTLD,FTM,Fort MatildaFRTWLM,FTW,Fort WilliamFOUROKS,FOK,Four OaksFOXFILD,FOX,FoxfieldFOXTON,FXN,FoxtonFRANT,FRT,FrantFRATTON,FTN,FrattonFRSHFLD,FRE,FreshfieldFRESHFD,FFD,FreshfordFRIMLEY,FML,FrimleyFRINTON,FRI,Frinton-on-SeaFRZNGHL,FZH,FrizinghallFRDSHM,FRD,FrodshamFROME,FRO,FromeFULWELL,FLW,FulwellFURNESV,FNV,Furness ValeFURZEP,FZP,Furze PlattGBROC,GNB,Gainsborough CentralGBGHLRD,GBL,Gainsborough Lea RoadGRLCHHD,GCH,GarelochheadGARFRTH,GRF,GarforthGRGRAVE,GGV,GargraveGARROWH,GAR,GarrowhillGSCD,GRS,GarscaddenGARSDLE,GSD,GarsdaleGRSTH,GSN,Garston (Hertfordshire)GARW,GSW,GarswoodGRTCSH,GRH,GartcoshGRTHMG,GMG,Garth (Mid Glamorgan)GARTH,GTH,Garth (Powys)GARVE,GVE,GarveGATHRST,GST,GathurstGATLEY,GTY,GatleyGTWK,GTW,Gatwick AirportGRGMASJ,GGJ,Georgemas JunctionGERRDSX,GER,Gerrards CrossGIDEAPK,GDP,Gidea ParkGIFNOCK,GFN,GiffnockGGLSWCK,GIG,GiggleswickGLBRDYK,GBD,GilberdykeGLFCHFR,GFF,Gilfach FargoedGLHM,GIL,Gillingham (Dorset)GLNGHMK,GLM,Gillingham (Kent)LAMBH,GSC,GilshochillGIPSYH,GIP,Gipsy HillGIRVAN,GIR,GirvanGLAISDL,GLS,GlaisdaleGLNCNWY,GCW,Glan ConwyGLGC,GLC,Glasgow CentralGLGQHL,GLQ,Glasgow Queen StreetGLASHTN,GLH,GlasshoughtonGLAZBRK,GLZ,GlazebrookGLNEGLS,GLE,GleneaglesGLNFNNN,GLF,GlenfinnanGLGN,GLG,GlengarnockGLNRTHS,GLT,Glenrothes with ThorntonGLSP,GLO,GlossopGLOSTER,GCR,GloucesterGLYNDE,GLY,GlyndeGOBOWEN,GOB,GobowenGDLMING,GOD,GodalmingGODLY,GDL,GodleyGODSTON,GDN,GodstoneGLDTHRP,GOE,GoldthorpeGOLFSTR,GOF,Golf StreetGOLSPIE,GOL,GolspieGOMSHAL,GOM,GomshallGODMAYS,GMY,GoodmayesGOOLE,GOO,GooleGOOSTRY,GTR,GoostreyGORDONH,GDH,Gordon HillGORASTR,GOR,Goring & StreatleyGORNGBS,GBS,Goring-by-SeaGORTON,GTO,GortonGOSPLOK,GPO,Gospel OakGOUROCK,GRK,GourockGOWERTN,GWN,GowertonGOXHILL,GOX,GoxhillGRPK,GPK,Grange ParkGOVS,GOS,Grange-over-SandsGNTN,GTN,GrangetownGTHM,GRA,GranthamGRATELY,GRT,GrateleyGRAVLYH,GVH,Gravelly HillGRVSEND,GRV,GravesendGRAYS,GRY,GraysGTAYTON,GTA,Great AytonGTBNTLY,GRB,Great BentleyGTCHSFD,GRC,Great ChesterfordGTCOATS,GCT,Great CoatesGTMLVRN,GMV,Great MalvernGTMSNDN,GMN,Great MissendenYARMTH,GYM,Great YarmouthGNLN,GNL,Green LaneGREENRD,GNR,Green RoadGBNK,GBK,GreenbankGRNFLDS,GRL,GreenfauldsGFLD,GNF,GreenfieldGFORD,GFD,GreenfordGNHT,GNH,Greenhithe for BluewaterGRENCKC,GKC,Greenock CentralGRENCKW,GKW,Greenock WestGNWH,GNW,GreenwichGRETGRN,GEA,Gretna GreenGRMSBYD,GMD,Grimsby DocksGRMSBYT,GMB,Grimsby TownGRNDLFD,GRN,GrindlefordGROSMNT,GMT,GrosmontGRVPK,GRP,Grove ParkGIDB,GUI,Guide BridgeGUILDFD,GLD,GuildfordGUISELY,GSY,GuiseleyGNRSBRY,GUN,GunnersburyGUNISLK,GSL,GunnislakeGUNTON,GNT,GuntonGWRSYLT,GWE,GwersylltGYPSYLA,GYP,Gypsy LaneHABRO,HAB,HabroughHKBG,HCB,HackbridgeHACKNYC,HKC,Hackney CentralHAKNYNM,HAC,Hackney DownsHACKNYW,HKW,Hackney WickHADMATP,HDM,Haddenham & Thame ParkwayHADISCO,HAD,HaddiscoeHADFILD,HDF,HadfieldHADLYWD,HDW,Hadley WoodHAGFOLD,HGF,Hag FoldHAGGERS,HGG,HaggerstonHAGLEY,HAG,HagleyHARMYRS,HMY,HairmyresHALE,HAL,HaleHALSWTH,HAS,HalesworthHALW,HED,HalewoodHLFX,HFX,HalifaxHLGN,HLG,Hall GreenHITW,HID,Hall i' th' WoodHALLRD,HLR,Hall RoadHALG,HAI,HallingHLTWHST,HWH,HaltwhistleHMST,HMT,Ham StreetHMBLE,HME,HambleHAMLTNC,HNC,Hamilton CentralHAMTSQ,BKQ,Hamilton SquareHAMLTNW,HNW,Hamilton WestHAMERTN,HMM,HammertonHMPDNPK,HMD,Hampden ParkHMPSTDH,HDH,Hampstead HeathHAMPTON,HMP,HamptonHCRT,HMC,Hampton CourtHAMWICK,HMW,Hampton WickHMPTNIA,HIA,Hampton-in-ArdenHAMSTED,HSD,HamsteadHMWTHY,HAM,HamworthyHANDBRO,HND,HanboroughHNDFRTH,HTH,HandforthHANWELL,HAN,HanwellHAPTON,HPN,HaptonHRLC,HRL,HarlechHARLSDN,HDN,HarlesdenHRLNGRD,HRD,Harling RoadHRLG,HLN,HarlingtonHRLWMIL,HWM,Harlow MillHRLWTWN,HWN,Harlow TownHRLDWOD,HRO,Harold WoodHRPNDN,HPD,HarpendenHRSM,HRM,HarrietshamHRGY,HGY,HarringayHRGYGL,HRY,Harringay Green LanesHNGT,HRR,HarringtonHAGT,HGT,HarrogateHROW,HRW,Harrow & WealdstoneHAROOTH,HOH,Harrow-on-the-HillHARTFD,HTF,HartfordHBRY,HBY,HartleburyHRTLEPL,HPL,HartlepoolHRTW,HTW,HartwoodPRKSTON,HPQ,Harwich InternationalHARWICH,HWC,Harwich TownHASLEMR,HSL,HaslemereHASOCKS,HSK,HassocksHASTING,HGS,HastingsHTCHEND,HTE,Hatch EndHATFILD,HAT,HatfieldHTFLASF,HFS,Hatfield & StainforthHFLPEVL,HAP,Hatfield PeverelHATHRSG,HSG,HathersageHATRSLY,HTY,HattersleyHATTON,HTN,HattonHAVANT,HAV,HavantHAVENHS,HVN,HavenhouseHAVRFDW,HVF,HaverfordwestHAWARDN,HWD,HawardenHAWDNBG,HWB,Hawarden BridgeHWKHEAD,HKH,HawkheadHYDB,HDB,Haydon BridgeHYDNSRD,HYR,Haydons RoadHAYS,HYS,Hayes (Kent)HAYESAH,HAY,Hayes & HarlingtonHAYLE,HYL,HayleHAYMRKT,HYM,HaymarketHYWRDSH,HHE,Haywards HeathHAZL,HAZ,Hazel GroveHEADCRN,HCN,HeadcornHEDNGLY,HDY,HeadingleyHEDSTNL,HDL,Headstone LaneHLDG,HDG,Heald GreenHEALING,HLI,HealingHEATHHL,HHL,Heath High LevelHEATHLL,HLL,Heath Low LevelHTRWCBS,HTR,Heathrow Airport Bus StationHTRWAPT,LHR,Heathrow Airport T123HTRWTM4,HAF,Heathrow Airport T4HTRWTE4,HWF,Heathrow Airport T4 BusHTRWTM5,HWV,Heathrow Airport T5HTRBUS5,HWX,Heathrow Airport T5 BusHTCP,HTC,Heaton ChapelHBDNBDG,HBD,Hebden BridgeHCKNGTN,HEC,HeckingtonHEDGEND,HDE,Hedge EndHDNS,HNF,HednesfordHGHNGTN,HEI,HeighingtonHLNSBRC,HLC,Helensburgh CentralHLNSBRU,HLU,Helensburgh UpperHELIFLD,HLD,HellifieldHELMSDL,HMS,HelmsdaleHELSBY,HSB,HelsbyHEMLHMP,HML,Hemel HempsteadHDON,HEN,HendonHENGOED,HNG,HengoedHENLYIA,HNL,Henley-in-ArdenHNLYOT,HOT,Henley-on-ThamesHENSALL,HEL,HensallHEREFRD,HFD,HerefordHRNEBAY,HNB,Herne BayHERNEH,HNH,Herne HillHERSHAM,HER,HershamHERTFDE,HFE,Hertford EastHFDN,HFN,Hertford NorthHESSLE,HES,HessleHESWALL,HSW,HeswallHEVER,HEV,HeverHEWORTH,HEW,HeworthHEXHAM,HEX,HexhamHEYFORD,HYD,HeyfordHEYMST,HHB,Heysham PortHBROOMS,HIB,High BroomsGLGHST,HST,High StreetHWYCOMB,HWY,High WycombeHIGM,HGM,HighamHGHMSPK,HIP,Highams ParkHGHBRDG,HIG,Highbridge & BurnhamHGHI,HHY,Highbury & IslingtonHITN,HTO,HightownHLDNBRO,HLB,HildenboroughHLFT,HLF,HillfootHLNGTNE,HLE,Hillington EastHLNGTNW,HLW,Hillington WestHILLSID,HIL,HillsideHILSEA,HLS,HilseaHNCHLYW,HYW,Hinchley WoodHINCKLY,HNK,HinckleyHINDLEY,HIN,HindleyHINTONA,HNA,Hinton AdmiralHITCHIN,HIT,HitchinHTHRGRN,HGR,Hither GreenHOCKLEY,HOC,HockleyHBRN,HBN,HollingbourneHCHP,HCH,Holmes ChapelHLMW,HLM,HolmwoodHOLTONH,HOL,Holton HeathHLYH,HHD,HolyheadHOLYTWN,HLY,HolytownHOMRTON,HMN,HomertonHONYBRN,HYB,HoneybourneHONITON,HON,HonitonHONLEY,HOY,HonleyHONROPK,HPA,Honor Oak ParkHOOK,HOK,HookHOOTON,HOO,HootonHOPD,HOP,Hope (Derbyshire)HOPC,HPE,Hope (Flintshire)HOPTONH,HPT,Hopton HeathHORLEY,HOR,HorleyHRNBPK,HBP,Hornbeam ParkHRNSY,HRN,HornseyHSFT,HRS,HorsforthHORSHAM,HRH,HorshamHRSLEY,HSY,HorsleyHTNRIBL,HIR,Horton-in-RibblesdaleHORWICH,HWI,Horwich ParkwayHOSCAR,HSC,HoscarHOUGHGR,HGN,Hough GreenHOUNSLW,HOU,HounslowHOVE,HOV,HoveWROXHAM,HXM,Hoveton & WroxhamHOWWOOD,HWW,How WoodHOWDEN,HOW,HowdenHOWOOD,HOZ,HowwoodHOXTON,HOX,HoxtonHOYLAKE,HYK,HoylakeHBRTBDG,HBB,Hubberts BridgeHUCKNAL,HKN,HucknallHDRSFLD,HUD,HuddersfieldHULL,HUL,HullHMPHRYP,HUP,Humphrey ParkHUNCOAT,HCT,HuncoatHUNGRFD,HGD,HungerfordHUNMNBY,HUB,HunmanbyHNTNGDN,HUN,HuntingdonHNTL,HNT,HuntlyHUNTSX,HNX,Hunts CrossHRSTGRN,HUR,Hurst GreenHTNCRNS,HUT,Hutton CranswickHUYTON,HUY,HuytonHYDEC,HYC,Hyde CentralHYDEN,HYT,Hyde NorthHYKEHAM,HKM,HykehamHYNDLND,HYN,HyndlandCLCHHYT,HYH,HytheIBMM,IBM,IBMIFIELD,IFI,IfieldILFORD,IFD,IlfordILKLEY,ILK,IlkleyCSEAH,IMW,Imperial WharfINCE,INC,InceINEL,INE,Ince & EltonINGTSTN,INT,IngatestoneINSCH,INS,InschIVRGRD,IGD,InvergordonINVGWRE,ING,InvergowrieIVRKTHG,INK,InverkeithingINVERKP,INP,InverkipIVRNESS,INV,InvernessINVRSHN,INH,InvershinINVURIE,INR,InverurieIPSWICH,IPS,IpswichIRLAM,IRL,IrlamIRVN,IRV,IrvineISLEWTH,ISL,IsleworthISLIP,ISP,IslipIVER,IVR,IverIVYBDGE,IVY,IvybridgeBHAMJEW,JEQ,Jewellery QuarterJHNSTND,JOH,JohnstonJOHNSTN,JHN,JohnstoneJORDANH,JOR,JordanhillKEARSLY,KSL,KearsleyKSNY,KSN,KearsneyKEIGHLY,KEI,KeighleyKEITH,KEH,KeithKELVEDN,KEL,KelvedonDAWSHLM,KVD,KelvindaleKEMBLE,KEM,KembleKMPSTNH,KMH,Kempston HardwickKMPTNPK,KMP,Kempton ParkKEMSING,KMS,KemsingKMSLY,KML,KemsleyKENDAL,KEN,KendalKNLY,KLY,KenleyKENNETT,KNE,KennettKENISHD,KNS,KennisheadKENSLG,KNL,Kensal GreenKENR,KNR,Kensal RiseKENOLYM,KPA,Kensington OlympiaKENTHOS,KTH,Kent HouseKNTSHTN,KTN,Kentish TownKNTSHTW,KTW,Kentish Town WestKTON,KNT,KentonKTBK,KBK,Kents BankKETR,KET,KetteringKEWBDGE,KWB,Kew BridgeKEWGRDN,KWG,Kew GardensKEYHAM,KEY,KeyhamKEYNSHM,KYN,KeynshamKIDBROK,KDB,KidbrookeKDRMNST,KID,KidderminsterKIDSGRV,KDG,KidsgroveKIDWELY,KWL,KidwellyKLBRNHR,KBN,Kilburn High RoadKLDL,KLD,KildaleKILDONN,KIL,KildonanKILGETY,KGT,KilgettyKILMRNK,KMK,KilmarnockKLMAURS,KLM,KilmaursKLPTRCK,KPT,KilpatrickKILWNNG,KWN,KilwinningKINBRAC,KBC,KinbraceKINGHAM,KGM,KinghamKGHN,KGH,KinghornKLGL,KGL,Kings LangleyKLYNN,KLN,Kings LynnKNORTON,KNN,Kings NortonKNYMPTN,KGN,Kings NymptonKGPK,KGP,Kings ParkKINSSTN,KGS,Kings SuttonKNGW,KGE,KingsknoweKGSTON,KNG,KingstonKGWD,KND,KingswoodKGUSSIE,KIN,KingussieKNTBRY,KIT,KintburyKIRBYX,KBX,Kirby CrossKKSNDAL,KKS,Kirk SandallKKBY,KIR,KirkbyKRKYCEN,KKB,Kirkby in AshfieldKSTP,KSW,Kirkby StephenKRKBYIF,KBF,Kirkby-in-FurnessKCLD,KDY,KirkcaldyKRKC,KRK,KirkconnelKRKDALE,KKD,KirkdaleKIRKHAM,KKM,Kirkham & WeshamKRKH,KKH,KirkhillKRKNWTN,KKN,KirknewtonKRKWOOD,KWD,KirkwoodKRTNLND,KTL,Kirton LindseyKVTNBDG,KIV,Kiveton BridgeKVTNPK,KVP,Kiveton ParkKNRSBGH,KNA,KnaresboroughKNEBWTH,KBW,KnebworthKNIGHTN,KNI,KnightonKNCKHLT,KCK,KnockholtKNTNGLY,KNO,KnottingleyKNUCKLS,KNU,KnucklasKNUTSFD,KNF,KnutsfordKYLELSH,KYL,Kyle of LochalshLADYBNK,LDY,LadybankLDYW,LAD,LadywellLAINDON,LAI,LaindonLAIRG,LRG,LairgLAKEIOW,LKE,LakeLAKNHTH,LAK,LakenheathLAMPHEY,LAM,LampheyLANARK,LNK,LanarkLANCSTR,LAN,LancasterLNCG,LAC,LancingLNDYW,LAW,LandywoodLGBK,LGB,LangbankLGHO,LHO,LanghoLANGLEY,LNY,LangleyLGRN,LGG,Langley GreenLGML,LGM,Langley MillLNSD,LGS,LangsideLWBY,LGW,LangwathbyLGWITH,LAG,Langwith-Whaley ThornsLAPFORD,LAP,LapfordLAPWRTH,LPW,LapworthLARBERT,LBT,LarbertLARGS,LAR,LargsLARKHAL,LRH,LarkhallLRNCKRK,LAU,LaurencekirkLAWRNCH,LWH,Lawrence HillLAYTON,LAY,LaytonLAZKRKO,LZB,Lazonby & KirkoswaldLEGR,LEG,Lea GreenLEAHALL,LEH,Lea HallLEAGRVE,LEA,LeagraveLEALHLM,LHM,LealholmLMNGTNS,LMS,Leamington SpaLEASOWE,LSW,LeasoweLETHRHD,LHD,LeatherheadLDBURY,LED,LedburyLEEE,LEE,LeeLEEDS,LDS,LeedsLESTER,LEI,LeicesterLEIGHK,LIH,Leigh (Kent)LHONSEA,LES,Leigh-on-SeaLTNBZRD,LBZ,Leighton BuzzardLELANT,LEL,LelantLELANTS,LTS,Lelant SaltingsLENHAM,LEN,LenhamLENZIE,LNZ,LenzieLEOMNST,LEO,LeominsterLTCE,LET,LetchworthLEUCHRS,LEU,LeucharsLVHM,LVM,LevenshulmeLEWES,LWS,LewesLEWISHM,LEW,LewishamLEYLAND,LEY,LeylandLEYTNMR,LEM,Leyton Midland RoadLYTNSHR,LER,Leytonstone High RoadLCHC,LIC,Lichfield CityLCHTTVL,LTV,Lichfield Trent ValleyLDLNGTN,LID,LidlingtonLIMHSE,LHS,LimehouseLINCLNC,LCN,Lincoln CentralLINGFLD,LFD,LingfieldLGWOOD,LGD,LingwoodLNLTHGW,LIN,LinlithgowLIPHOOK,LIP,LiphookLISKARD,LSK,LiskeardLISS,LIS,LissLTHH,LVT,Lisvane & ThornhillLTLKMBL,LTK,Little KimbleLTLSUTN,LTT,Little SuttonLITLBRO,LTL,LittleboroughLTLHMPT,LIT,LittlehamptonLHVN,LVN,LittlehavenLTLPORT,LTP,LittleportLVRPLCH,LVC,Liverpool CentralJAMESST,LVJ,Liverpool James StreetLVRPLSH,LIV,Liverpool Lime StreetALERTN,LPY,Liverpool South ParkwayLVNSTNN,LSN,Livingston NorthLVNSTNS,LVG,Livingston SouthLNAB,LLA,LlanaberLBDR,LBR,LlanbedrLLBSTRD,LLT,Llanbister RoadLLBRDCH,LNB,LlanbradachLLANDAF,LLN,LlandafLNDW,LDN,LlandanwgLNDC,LLC,LlandecwynLLDEILO,LLL,LlandeiloLLDVERY,LLV,LlandoveryLLDODW,LLO,LlandrindodLUDO,LLD,LlandudnoLANDUDJ,LLJ,Llandudno JunctionLLDYBIE,LLI,LlandybieLLNLLI,LLE,LlanelliLANFRFC,LLF,LlanfairfechanLFPW,LPG,LlanfairpwllLLGADOG,LLG,LlangadogLLGMMRW,LLM,LlangammarchLLGNNCH,LLH,LlangennechLLGUNLO,LGO,LlangynlloLLHARAN,LLR,LlanharanLLHLETH,LTH,LlanhillethLLISHEN,LLS,LlanishenLNRWST,LWR,LlanrwstLLNSMLT,LAS,LlansamletLLNWTMR,LWM,Llantwit MajorLLWRDA,LNR,LlanwrdaLLWRTYW,LNW,LlanwrtydLYNGRIL,LLW,LlwyngwrilLLWYNYP,LLY,LlwynypiaLOCHAWE,LHA,Loch AweLCEILOB,LHE,Loch Eil Outward BoundLCHALRT,LCL,LochailortLCHESDE,LCS,LocheilsideLCHGLLY,LCG,LochgellyLCHLCHR,LCC,LochluichartLCHWNCH,LHW,LochwinnochLCKRBIE,LOC,LockerbieLKWD,LCK,LockwoodBLFR,BFR,London BlackfriarsLNDNBDG,LBG,London BridgeCANONST,CST,London Cannon StreetCHRX,CHX,London Charing CrossEUSTON,EUS,London EustonFENCHRS,FST,London Fenchurch StreetLONFLDS,LOF,London FieldsKNGX,KGX,London Kings CrossLIVST,LST,London Liverpool StreetMARYLBN,MYB,London MarylebonePADTON,PAD,London PaddingtonBRGHLRD,LRB,London Road (Brighton)LRDGFD,LRD,London Road (Guildford)VICTRIA,VIC,London VictoriaWATRLOO,WAT,London WaterlooWLOE,WAE,London Waterloo EastLNGBKBY,LBK,Long BuckbyLNGEATN,LGE,Long EatonLPRESTN,LPR,Long PrestonLONGBCK,LGK,LongbeckLONB,LOB,LongbridgeLNGCROS,LNG,LongcrossLGFD,LGF,LongfieldLNGNDRY,LND,LongniddryLNGP,LPT,LongportLNTN,LGN,LongtonLOOE,LOO,LooeLOSTCKP,LOT,LostockLSTG,LTG,Lostock GralamLSTH,LOH,Lostock HallLSTWTHL,LOS,LostwithielLOGHBRO,LBO,LoughboroughLBGHJN,LGJ,Loughborough JunctionLOWDHAM,LOW,LowdhamLSYDNHM,LSY,Lower SydenhamLOWSTFT,LWT,LowestoftLUDLOW,LUD,LudlowLUTON,LUT,LutonLUTOAPY,LTN,Luton Airport ParkwayLUXULYN,LUX,LuxulyanLYDNEY,LYD,LydneyLYEE,LYE,LyeLMTNPIR,LYP,Lymington PierLMTNTWN,LYT,Lymington TownLYMPSTC,LYC,Lympstone CommandoLYMPSTN,LYM,Lympstone VillageLYTHAM,LTM,LythamMACLSFD,MAC,MacclesfieldMCHYNLT,MCN,MachynllethMAESTGW,MST,MaestegMAESTER,MEW,Maesteg (Ewenny Road)MAGHULL,MAG,MaghullMDNNWTN,MDN,Maiden NewtonMDNHEAD,MAI,MaidenheadMSTONEB,MDB,Maidstone BarracksMSTONEE,MDE,Maidstone EastMSTONEW,MDW,Maidstone WestMALDENM,MAL,Malden ManorMLAIG,MLG,MallaigMALTON,MLT,MaltonMLVRNLK,MVL,Malvern LinkMNCRIAP,MIA,Manchester AirportMNCROXR,MCO,Manchester Oxford RoadMNCRPIC,MAN,Manchester PiccadillyMNCRUFG,MUF,Manchester United FCMNCRVIC,MCV,Manchester VictoriaMANEA,MNE,ManeaMANNGTR,MNG,ManningtreeMANRPK,MNP,Manor ParkMNRD,MNR,Manor RoadMNORBER,MRB,ManorbierMANORS,MAS,ManorsMFLDTWN,MFT,MansfieldMFLDWSE,MSW,Mansfield WoodhouseMRCH,MCH,MarchMARDEN,MRN,MardenMARGATE,MAR,MargateMRKTHRB,MHR,Market HarboroughMKTR,MKR,Market RasenMKIN,MNC,MarkinchMRKSTEY,MKT,Marks TeyMARLOW,MLW,MarlowMARPLE,MPL,MarpleMRSN,MSN,MarsdenMRSK,MSK,MarskeMRSTNGR,MGN,Marston GreenMMIL,MTM,Martin MillMHERON,MAO,Martins HeronMARTON,MTO,MartonMRYHILL,MYH,MaryhillMRYLAND,MYL,MarylandMPRT,MRY,MaryportMATLOCK,MAT,MatlockMATLCKB,MTB,Matlock BathMLDTHRD,MAU,Mauldeth RoadMAXWLPK,MAX,Maxwell ParkMAYBOLE,MAY,MayboleMAZEH,MZH,Maze HillMEADWHL,MHS,MeadowhallMELDRTH,MEL,MeldrethMELKSHM,MKM,MelkshamMELTON,MES,MeltonMLTNSDG,MMO,Melton MowbrayMENHENT,MEN,MenheniotMENSTON,MNN,MenstonMELS,MEO,MeolsMEOLSCP,MEC,Meols CopMEOPHAM,MEP,MeophamMRRYTON,MEY,MerrytonMERSTHM,MHM,MersthamMERTHYR,MER,Merthyr TydfilMERTHRV,MEV,Merthyr ValeMTHRNGH,MGM,MetheringhamGTSHDMC,MCE,MetrocentreMEXBRGH,MEX,MexboroughMCHLDVR,MIC,MicheldeverMCKLFLD,MIK,MicklefieldMDLSBRO,MBR,MiddlesbroughMDWD,MDL,MiddlewoodMIDGHAM,MDG,MidghamMLFORD,MLF,Milford (Surrey)MLFDHVN,MFH,Milford HavenMLHL,MLH,Mill Hill (Lancs)MLHB,MIL,Mill Hill BroadwayMLBRKB,MLB,Millbrook (Bedfordshire)MBRK,MBK,Millbrook (Hampshire)MILKNPK,MIN,Milliken ParkMLLM,MLM,MillomMLSHILL,MIH,Mills HillMLGV,MLN,MilngavieMKNSCEN,MKC,Milton Keynes CentralMINFORD,MFF,MinfforddMINSTER,MSR,MinsterMIRFILD,MIR,MirfieldMISTLEY,MIS,MistleyESTFLDS,MTC,Mitcham EastfieldsMITCHMJ,MIJ,Mitcham JunctionMOBERLY,MOB,MobberleyMONIFTH,MON,MonifiethMNKRISB,MRS,Monks RisboroughMONPELR,MTP,MontpelierMONTRSE,MTS,MontroseMORFLDS,MRF,MoorfieldsMRGT,MOG,MoorgateMRSD,MSD,MoorsideMORTHRP,MRP,MoorthorpeMORAR,MRR,MorarMOCHARD,MRD,Morchard RoadMORDENS,MDS,Morden SouthMORCAME,MCM,MorecambeMORETON,MTN,Moreton (Dorset)MOTO,MRT,Moreton (Merseyside)MINMARS,MIM,Moreton-in-MarshMFAM,MFA,Morfa MawddachMRLY,MLY,MorleyMRPTHRP,MPT,MorpethMTIMER,MOR,MortimerMRTLKE,MTL,MortlakeMSGT,MSS,Moses GateMSSD,MOS,Moss SideMOSSLEY,MSL,Mossley (Manchester)MSLH,MSH,Mossley HillMSSPARK,MPK,MossparkMSTN,MSO,MostonMOTHRWL,MTH,MotherwellMOTSPRP,MOT,Motspur ParkMOTNGHM,MTG,MottinghamMOTFONT,DBG,Mottisfont & DunbridgeMLDSWTH,MLD,MouldsworthMLSECMB,MCB,MoulsecoombMTFL,MFL,Mount FloridaMNTVRNN,MTV,Mount VernonMASH,MTA,Mountain AshMUROORD,MOO,Muir of OrdMUIREND,MUI,MuirendMSELBGH,MUB,MusselburghMYTHLMR,MYT,MytholmroydNAFERTN,NFN,NaffertonNAILSEA,NLS,Nailsea & BackwellNAIRN,NRN,NairnNANTWCH,NAN,NantwichNRBERTH,NAR,NarberthNARBRO,NBR,NarboroughNAVGTNR,NVR,Navigation RoadNEATH,NTH,NeathNEEDHAM,NMT,Needham MarketNEILSTN,NEI,NeilstonNLSN,NEL,NelsonNESTON,NES,NestonNTHRFLD,NET,NetherfieldNETHRTN,NRT,NethertownNETLEY,NTL,NetleyNBARNET,NBA,New BarnetNBCKNHM,NBC,New BeckenhamNBTN,NBN,New BrightonNEWCLEE,NCE,New CleeNWCROSS,NWX,New CrossNEWXGTE,NXG,New Cross GateNWCMNCK,NCK,New CumnockNWELTHM,NEH,New ElthamNHOL,NHL,New HollandNWHYTHE,NHE,New HytheNEWLANE,NLN,New LaneNEWMLDN,NEM,New MaldenNWMILSC,NMC,New Mills CentralNWMILSN,NMN,New Mills NewtownNMILTON,NWM,New MiltonNPUD,NPD,New PudseyNEWSGAT,NSG,New SouthgateNWRKCAS,NCT,Newark CastleNEWANG,NNG,Newark North GateNBRWGE,NBE,NewbridgeNEWBURY,NBY,NewburyNEWBRYR,NRC,Newbury RacecourseNWCSTLE,NCL,NewcastleAIRP,APN,Newcastle AirportNCRAGHA,NEW,NewcraighallNEWHVNH,NVH,Newhaven HarbourNEWHVNT,NVN,Newhaven TownNEWNGTN,NGT,NewingtonNWMKET,NMK,NewmarketNEWPRTE,NWE,Newport (Essex)NWPTRTG,NWP,Newport (South Wales)NEWQUAY,NQY,NewquayNWSTEAD,NSD,NewsteadNWTL,NTN,NewtonNABT,NTA,Newton AbbotNWTA,NAY,Newton AycliffeNWTH,NWN,Newton for HydeNSTCYRE,NTC,Newton St CyresNWTNLW,NLW,Newton-le-WillowsNWTOA,NOA,Newton-on-AyrNWTM,NWR,NewtonmoreNWTP,NWT,Newtown (Powys)NINIANP,NNP,Ninian ParkNITSH,NIT,NitshillNRBITON,NBT,NorbitonNORBURY,NRB,NorburyNRMNSBY,NSB,Normans BayNORMNTN,NOR,NormantonNBERWCK,NBW,North BerwickNTHCAMP,NCM,North CampNDULWCH,NDL,North DulwichFAMBDGE,NFA,North FambridgeNLANRST,NLR,North LlanrwstNQNSFRY,NQU,North QueensferryNTRD,NRD,North RoadNSHEEN,NSH,North SheenNWALSHM,NWA,North WalshamNWEMBLY,NWB,North WembleyNLRTN,NTR,NorthallertonNMPTN,NMP,NorthamptonNRTF,NFD,NorthfieldNRTHFLT,NFL,NorthfleetNTHOLTP,NLT,Northolt ParkNMBRLPK,NUM,Northumberland ParkNTHWICH,NWI,NorthwichNTNB,NTB,Norton BridgeNRCH,NRW,NorwichNORWDJ,NWD,Norwood JunctionNTNG,NOT,NottinghamNNTN,NUN,NuneatonNUNHEAD,NHD,NunheadNUNTHRP,NNT,NunthorpeNUTBORN,NUT,NutbourneNUTFILD,NUF,NutfieldOAKNGTS,OKN,OakengatesOAKHAM,OKM,OakhamOKLGHPK,OKL,Oakleigh ParkOBAN,OBN,ObanOCKENDN,OCK,OckendonOCKLYAC,OLY,OckleyOKHMPTN,OKE,OkehamptonOLHL,OHL,Old HillOLDROAN,ORN,Old RoanOLDST,OLD,Old StreetOLDFLDP,OLF,Oldfield ParkOLTON,OLT,OltonOREE,ORE,OreORMSKRK,OMS,OrmskirkORPNGTN,ORP,OrpingtonORRELL,ORR,OrrellORELPKH,OPK,Orrell ParkOTFORD,OTF,OtfordOULTNBN,OUN,Oulton Broad NorthOULTNBS,OUS,Oulton Broad SouthOUTWOOD,OUT,OutwoodOPOL,OVE,OverpoolOVTN,OVR,OvertonOXENHLM,OXN,Oxenholme Lake DistrictOXFD,OXF,OxfordOXSHOTT,OXS,OxshottOXTED,OXT,OxtedPKWD,PDW,Paddock WoodPADGATE,PDG,PadgatePAIGNTN,PGN,PaigntonPSLYCAN,PCN,Paisley CanalPSLYGST,PYG,Paisley Gilmour StreetPSLYSTJ,PYJ,Paisley St JamesPALMRSG,PAL,Palmers GreenPANGBRN,PAN,PangbournePANNAL,PNL,PannalPNTYFYN,PTF,PantyffynnonPARR,PAR,ParPARBOLD,PBL,ParboldPKST,PKT,Park StreetPSTONE,PKS,Parkstone (Dorset)PARSNST,PSN,Parson StreetPTCK,PTK,PartickPARTON,PRN,PartonPATCHWY,PWY,PatchwayPTRCRFT,PAT,PatricroftPATERTN,PTT,PattertonPEARTRE,PEA,PeartreePCKHMRY,PMR,Peckham RyePEGSWD,PEG,PegswoodPBRT,PEM,PembertonPMBRYBP,PBY,Pembrey & Burry PortPEMBROK,PMB,PembrokePEMBRKD,PMD,Pembroke DockPYBONT,PNY,Pen-y-BontPNALLY,PNA,PenallyPENARTH,PEN,PenarthPENCOED,PCD,PencoedPENGAM,PGM,PengamPNGEE,PNE,Penge EastPENEW,PNW,Penge WestPENHELG,PHG,PenheligPENISTN,PNS,PenistonePNKRDG,PKG,PenkridgePNMNMWR,PMW,PenmaenmawrPENMERE,PNM,PenmerePNRHCBR,PER,PenrhiwceiberPRHN,PRH,PenrhyndeudraethPNTH,PNR,Penrith North LakesPRYN,PYN,PenrynPSRN,PES,PensarnPNSHRST,PHR,PenshurstPNTRBCH,PTB,Pentre-BachPENYCHN,BPC,PenychainPNYF,PNF,PenyfforddPENZNCE,PNZ,PenzancePERANWL,PRW,PerranwellPRYBR,PRY,Perry BarrPERSHOR,PSH,PershorePERTH,PTH,PerthPBRO,PBO,PeterboroughPTRSFLD,PTR,PetersfieldPETSWD,PET,Petts WoodPVNSYAW,PEV,Pevensey & WesthamPVNSYBY,PEB,Pevensey BayPEWSEY,PEW,PewseyPILNING,PIL,PilningPINHOE,PIN,PinhoePTLCHRY,PIT,PitlochryPITSEA,PSE,PitseaPLSNGTN,PLS,PleasingtonPLOCKTN,PLK,PlocktonPLUCKLY,PLC,PluckleyPLUMLEY,PLM,PlumleyPLMPTON,PMP,PlumptonPLMS,PLU,PlumsteadPLYMTH,PLY,PlymouthPOKSDWN,POK,PokesdownPOLGATE,PLG,PolegatePWTH,PSW,PolesworthPLKSHWE,PWE,Pollokshaws EastPLKSHWW,PWW,Pollokshaws WestPLKLHDE,PLE,Pollokshields EastPLKLHDW,PLW,Pollokshields WestPOLMONT,PMT,PolmontPOLSBDG,POL,Polsloe BridgePNDRSEN,PON,Ponders EndPNYPANT,PYP,Pont-y-PantPNTADLS,PTD,PontarddulaisPTFTBHL,PFR,Pontefract BaghillPTFTMHL,PFM,Pontefract MonkhillPTFTTSF,POT,Pontefract TanshelfPNTLTYN,PLT,PontlottynPONYCLN,PYC,PontyclunPONTYPL,PPL,Pontypool & New InnPTYPRID,PPD,PontypriddPOOLE,POO,PoolePOPLTON,POP,PoppletonPTGLSGW,PTG,Port GlasgowPSLT,PSL,Port SunlightPTALBOT,PTA,Port Talbot ParkwayPCHESTR,PTC,PortchesterPORH,POR,PorthPRTHMDG,PTM,PorthmadogPRTHHBR,PMG,Porthmadog HarbourPLTH,PLN,PortlethenPSLDAWH,PLD,PortsladePSEA,PMS,Portsmouth & SouthseaPRTSMTA,PMA,Portsmouth ArmsPHBR,PMH,Portsmouth HarbourPOSILPK,PPK,Possilpark & ParkhousePOTRSBR,PBR,Potters BarPLTNLFY,PFY,Poulton-le-FyldePOYNTON,PYT,PoyntonPREES,PRS,PreesPRESCOT,PSC,PrescotPSTA,PRT,PrestatynPSBY,PRB,PrestburyPRST,PRE,PrestonPRSP,PRP,Preston ParkPPAN,PST,PrestonpansPWCKAPT,PRA,Prestwick International AirportPWCK,PTW,Prestwick TownPHLD,PTL,Priesthill & DarnleyPRINRIS,PRR,Princes RisboroughPRITLWL,PRL,PrittlewellPRUDHOE,PRU,PrudhoePULBRO,PUL,PulboroughPURFLET,PFL,PurfleetPURLEY,PUR,PurleyPURLEYO,PUO,Purley OaksPUTNEY,PUT,PutneyPWLHELI,PWL,PwllheliPYLE,PYL,PyleQUAKRSY,QYD,Quakers YardQUENBRO,QBR,QueenboroughQUNPARK,QPK,Queens Park (Glasgow)QPRK,QPW,Queens Park (London)PCKHMQD,QRP,Queens Road PeckhamQTRDBAT,QRB,Queenstown Road BatterseaQNTRLDW,QUI,Quintrell DownsRADNOT,RDF,Radcliffe (Nottinghamshire)RADLETT,RDT,RadlettRDLEY,RAD,RadleyRADYR,RDR,RadyrRNFD,RNF,RainfordRAINHMK,RAI,Rainham (Kent)RNHAME,RNM,Rainham (London)RHIL,RNH,RainhillRAMSGTE,RAM,RamsgateRMSWILP,RGW,Ramsgreave & WilpshireRANNOCH,RAN,RannochRAUCEBY,RAU,RaucebyRGLS,RAV,RavenglassRBRN,RVB,RavensbourneRTHP,RVN,RavensthorpeRAWCLIF,RWC,RawcliffeRAYLEGH,RLG,RayleighRAYNSPK,RAY,Raynes ParkRDNGSTN,RDG,ReadingREDGWST,RDW,Reading WestRCTRYRD,REC,Rectory RoadREDBDGE,RDB,RedbridgeREDCARC,RCC,Redcar CentralREDCARE,RCE,Redcar EastREDISHN,RDN,Reddish NorthREDISHS,RDS,Reddish SouthRDIT,RDC,RedditchREDHILL,RDH,RedhillREDLAND,RDA,RedlandREDRUTH,RED,RedruthRDHAMN,REE,Reedham (Norfolk)REEDHMS,RHM,Reedham (Surrey)REIGATE,REI,ReigateRENTON,RTN,RentonRTFD,RET,RetfordRHIWBNA,RHI,RhiwbinaRHOOSE,RIA,RhooseRHOSNGR,RHO,RhosneigrRHYL,RHL,RhylRHYMNEY,RHY,RhymneyRIBLHED,RHD,RibbleheadRICELA,RIL,Rice LaneRICHMND,RMD,RichmondRCKMNSW,RIC,RickmansworthRDLSDWN,RDD,RiddlesdownRIDGMNT,RID,RidgmontRIDNGML,RDM,Riding MillRISCA,RCA,Risca & PontymisterRISHTON,RIS,RishtonRBRTSBD,RBR,RobertsbridgeROBY,ROB,RobyRCHDALE,RCD,RochdaleRCHE,ROC,RocheRCHT,RTR,RochesterROCHFD,RFD,RochfordROCKFRY,RFY,Rock FerryROGART,ROG,RogartROGRSTN,ROR,RogerstoneROLSTN,ROL,RollestonROMANBG,RMB,Roman BridgeROMFORD,RMF,RomfordROMILEY,RML,RomileyROMSEY,ROM,RomseyROOSE,ROO,RooseROSG,RSG,Rose GroveROHL,RSH,Rose Hill MarpleROSYTH,ROS,RosythROTHCEN,RMC,Rotherham CentralRTHERHI,ROE,RotherhitheRGHTNRD,RNR,Roughton RoadRWLNDSC,RLN,Rowlands CastleROWLEYR,ROW,Rowley RegisROYBDGE,RYB,Roy BridgeROYDON,RYN,RoydonROYSTON,RYS,RoystonRUABON,RUA,RuabonRUFDORD,RUF,RuffordRUGBY,RUG,RugbyRUGLTWN,RGT,Rugeley TownRUGL,RGL,Rugeley Trent ValleyRUNCORN,RUN,RuncornRUNCRNE,RUE,Runcorn EastRSKNGTN,RKT,RuskingtonRUSWARP,RUS,RuswarpRTHGLEN,RUT,RutherglenRYDE,RYD,Ryde EsplanadeRYDP,RYP,Ryde Pier HeadRYDS,RYR,Ryde St Johns RoadRYDRBRW,RRB,Ryder BrowRYEE,RYE,RyeRYEHOUS,RYH,Rye HouseSLFDORD,SFD,Salford CentralSLFDCT,SLD,Salford CrescentSALFDS,SAF,SalfordsSALHOUS,SAH,SalhouseSLSBRY,SAL,SalisburySAIR,SAE,SaltaireSASH,STS,SaltashSBRN,SLB,SaltburnSLCT,SLT,SaltcoatsSLTMRSH,SAM,SaltmarsheSALWICK,SLW,SalwickSAMPCRT,SMC,Sampford CourtenaySABR,SNA,Sandal & AgbriggSBCH,SDB,SandbachSDSD,SNR,SandersteadSANDH,SDL,SandhillsSNDHRST,SND,SandhurstSDLG,SDG,SandlingSNDOWN,SAN,SandownSDPLACE,SDP,SandplaceSNDWDUD,SAD,Sandwell & DudleySWCH,SDW,SandwichSNDY,SDY,SandySANKEY,SNK,Sankey for PenkethSANQHAR,SQH,SanquharSARN,SRR,SarnSDRSFOT,SDF,SaundersfootSUNDRTN,SDR,SaundertonSBDGWTH,SAW,SawbridgeworthSAXILBY,SXY,SaxilbySXMNDHM,SAX,SaxmundhamSCARBRO,SCA,ScarboroughSCSCLDR,SCT,ScotscalderSCTSTNH,SCH,ScotstounhillSCNTHRP,SCU,ScunthorpeSEMILLS,SML,Sea MillsSEABURN,SEB,SeaburnSEAFORD,SEF,SeafordSFRTHAL,SFL,Seaforth & LitherlandSEAHAM,SEA,SeahamSEAMER,SEM,SeamerSEASCAL,SSC,SeascaleSETNCRW,SEC,Seaton CarewSEERGRN,SRG,Seer GreenSELBY,SBY,SelbySELHRST,SRS,SelhurstSELAFLD,SEL,SellafieldSELLING,SEG,SellingSELYOAK,SLY,Selly OakSETTLE,SET,SettleSVNKNGS,SVK,Seven KingsSEVNSIS,SVS,Seven SistersSVNOAKS,SEV,SevenoaksSVRNBCH,SVB,Severn BeachSEVTNLJ,STJ,Severn Tunnel JunctionSHADWEL,SDE,ShadwellSHALFD,SFR,ShalfordSHANKLN,SHN,ShanklinSHAWFD,SHW,ShawfordSHWLNDS,SHL,ShawlandsSHRNSOS,SSS,Sheerness-on-SeaSHEFFLD,SHF,SheffieldSHELFD,SED,ShelfordSHENFLD,SNF,ShenfieldSHNS,SEN,ShenstoneSHPDSB,SPB,Shepherds BushSWELL,SPH,Shepherds WellSPLY,SPY,ShepleySHEPRTN,SHP,SheppertonSHPRTH,STH,SheprethSHERBRN,SHE,SherborneSHBN,SIE,Sherburn-in-ElmetSHRGHAM,SHM,SheringhamSHTLSTN,SLS,ShettlestonSHILDMR,SDM,ShieldmuirSHIFNAL,SFN,ShifnalSHDN,SHD,ShildonSHPLAKE,SHI,ShiplakeSHPY,SHY,ShipleySPHL,SPP,Shippea HillSPTN,SIP,ShiptonSHRBROK,SHB,ShirebrookSHAMPTN,SHH,ShirehamptonSHRKSKS,SRO,ShireoaksSHIRLEY,SRL,ShirleySHBRYNS,SRY,ShoeburynessSHOLING,SHO,SholingSHRDHST,SDC,Shoreditch High StreetSHRMKT,SEH,Shoreham (Kent)SHRHMBS,SSE,Shoreham-by-SeaSHRTLND,SRT,ShortlandsSHOTTON,SHT,ShottonSHTT,SHS,ShottsSHRWBY,SHR,ShrewsburySIDCUP,SID,SidcupSILEBY,SIL,SilebySILCRFT,SIC,SilecroftSKSCMN,SLK,Silkstone CommonSIVRST,SLV,Silver StreetSDAL,SVR,SilverdaleSINGER,SIN,SingerSTNGBRN,SIT,SittingbourneSKEGNES,SKG,SkegnessSKEWEN,SKE,SkewenSKPT,SKI,SkiptonSLADEGN,SGR,Slade GreenSLTHWTE,SWT,SlaithwaiteSLATEFD,SLA,SlatefordSLEFD,SLR,SleafordSLEGHTS,SLH,SleightsSLOUGH,SLO,SloughSMLHTH,SMA,Small HeathSMALBRK,SAB,Smallbrook JunctionGALTILL,SGB,Smethwick Galton BridgeSMTHKRS,SMR,Smethwick Rolfe StreetSMBG,SMB,Smithy BridgeSNAITH,SNI,SnaithSNODLND,SDA,SnodlandSNWDNAN,SWO,SnowdownSOLEST,SOR,Sole StreetSOLIHUL,SOL,SolihullSMRLYTN,SYT,SomerleytonSACTON,SAT,South ActonSTHBANK,SBK,South BankSBRMNDS,SBM,South BermondseySCROYDN,SCY,South CroydonSELMSAL,SES,South ElmsallSGFORD,SGN,South GreenfordSTHGYLE,SGL,South GyleSHMPSTD,SOH,South HampsteadSKENTON,SOK,South KentonSMERTON,SMO,South MertonSMILFD,SOM,South MilfordSRUISLP,SRU,South RuislipSTOTNHM,STO,South TottenhamWGSTS,SWS,South WigstonWDHAMFR,SOF,South Woodham FerrersSTHALL,STL,SouthallSOTPKWY,SOA,Southampton Airport ParkwaySOTON,SOU,Southampton CentralSOTNTQ,STQ,Southampton Town QuaySBOURNE,SOB,SouthbourneSBURY,SBU,SouthburySESARDM,SEE,SoutheaseSTHCENT,SOC,Southend CentralSTHNDE,SOE,Southend EastSTHVIC,SOV,Southend VictoriaSMINSTR,SMN,SouthminsterSOUTHPT,SOP,SouthportSSEACLE,SHV,Southsea HoverportSTHWICK,SWK,SouthwickSWRBBDG,SOW,Sowerby BridgeSPALDNG,SPA,SpaldingSPEANBD,SBR,Spean BridgeSPITAL,SPI,SpitalSPDN,SPO,SpondonSPONRRW,SPN,Spooner RowSPRD,SRI,Spring RoadSPRNGBN,SPR,SpringburnSPFD,SPF,SpringfieldSQUIRES,SQU,Squires GateSTALBCY,SAC,St AlbansSTALBNA,SAA,St Albans AbbeySADWRD,SAR,St Andrews RoadSTAS,SAS,St Annes-on-the-SeaSTAUSTL,SAU,St AustellSTBEES,SBS,St BeesSTBDXFR,SBF,St Budeaux Ferry RoadSTBDXVR,SBV,St Budeaux Victoria RoadSTCLMBR,SCR,St Columb RoadSTDENYS,SDN,St DenysSTERTH,SER,St ErthSTGRMNS,SGM,St GermansSTHLNSC,SNH,St Helens CentralSTHLNSJ,SHJ,St Helens JunctionSHLIER,SIH,St Helier STIVES,SIV,St IvesSTJAMSP,SJP,St James' ParkSTJMSST,SJS,St James StreetSTJOHNS,SAJ,St JohnsSTKEYNE,SKN,St Keyne Wishing Well HaltSTLNRWS,SLQ,St Leonards Warrior SquareSMARGRT,SMT,St Margarets (Hertfordshire)STMGTS,SMG,St Margarets (London)STMRYC,SMY,St Mary CraySTMCHLS,STM,St MichaelsSTNEOTS,SNO,St NeotsSTPX,STP,St Pancras InternationalSNDRMNK,STZ,St PetersSTAFFRD,STA,StaffordSTAINES,SNS,StainesSBROUGH,SLL,StallingboroughSBYD,SYB,StalybridgeSTAMFD,SMD,StamfordSTMFDHL,SMH,Stamford HillSLEHOPE,SFO,Stanford-le-HopeSTNLWAT,SNT,Stanlow & ThorntonSTANAIR,SSD,Stansted AirportSTANSTD,SST,Stansted MountfitchetSPHS,SPU,StaplehurstSTPLTNR,SRD,Stapleton RoadSTARBCK,SBE,StarbeckSTRCROS,SCS,StarcrossSTAVELY,SVL,StaveleySTECHFD,SCF,StechfordSTEETON,SON,Steeton & SilsdenSTEPPS,SPS,SteppsSTEVNGE,SVG,StevenageSTVNSTN,STV,StevenstonSTWRTBY,SWR,StewartbySTEWRTN,STT,StewartonSTIRLNG,STG,StirlingSTKP,SPT,StockportSTCKSFL,SKS,StocksfieldSTKSMR,SSM,StocksmoorSTOCTON,STK,StocktonSTKM,SKM,Stoke MandevilleSTKNWNG,SKW,Stoke NewingtonSTOKEOT,SOT,Stoke-on-TrentSTONE,SNE,StoneSTCR,SCG,Stone CrossingSTNBGPK,SBP,Stonebridge ParkSNGT,SOG,StonegateSHVN,STN,StonehavenSTNHSE,SHU,StonehouseSTLEIGH,SNL,StoneleighSTRBDGJ,SBJ,Stourbridge JunctionSTRBDGT,SBT,Stourbridge TownSTWMRKT,SMK,StowmarketSTRNRR,STR,StranraerSTFD,SRA,Stratford (London)STFODOM,SFA,Stratford InternationalSOAV,SAV,Stratford-upon-AvonSTCN,STC,StrathcarronSTRWBYH,STW,Strawberry HillSTRETHM,STE,StreathamSTRHCOM,SRC,Streatham CommonSTRHILL,SRH,Streatham HillSTHS,SHC,StreethouseSTRINES,SRN,StrinesSTRMFRY,STF,StromeferrySTROOD,SOO,StroodSTRUD,STD,StroudSTURRY,STU,SturrySTYAL,SYA,StyalSUDBURY,SUY,SudburySDBRYHR,SUD,Sudbury & Harrow RoadSDBRYHH,SDH,Sudbury Hill HarrowSGRLOAF,SUG,Sugar LoafSUMRSTN,SUM,SummerstonSUNBURY,SUU,SunburySNDRLND,SUN,SunderlandSNDP,SUP,Sundridge ParkSUNNGDL,SNG,SunningdaleSUNYMDS,SNY,SunnymeadsSURBITN,SUR,SurbitonSURREYQ,SQE,Surrey QuaysSUTTON,SUO,Sutton (Surrey)SUTCO,SUT,Sutton ColdfieldSUTTONC,SUC,Sutton CommonSTTNPWY,SPK,Sutton ParkwaySWALE,SWL,SwaleSWLY,SAY,SwanleySWNSCMB,SWM,SwanscombeSWANSEA,SWA,SwanseaSWNWICK,SNW,SwanwickSWAY,SWY,SwaySWYTHLN,SWG,SwaythlingSWNDRBY,SWD,SwinderbySDON,SWI,SwindonSWSHEAD,SWE,SwinesheadSWNT,SNN,Swinton (Manchester)SWINTN,SWN,Swinton (South Yorkshire)SYDENHM,SYD,SydenhamSYDNHMH,SYH,Sydenham HillSYONLA,SYL,Syon LaneSYSTON,SYS,SystonTACKLEY,TAC,TackleyTADWTH,TAD,TadworthTAFFSWL,TAF,Taffs WellTAIN,TAI,TainTALYCFN,TLC,Tal-y-CafnTLSRNAU,TAL,TalsarnauTALB,TLB,TalybontTAMEBDG,TAB,Tame Bridge ParkwayTMWTHLL,TAM,TamworthTANY,TYB,Tan-y-BwlchTAPLOW,TAP,TaplowTATNHMC,TAT,Tattenham CornerTAUNTON,TAU,TauntonTAYNULT,TAY,TaynuiltTEDNGTN,TED,TeddingtonTSDARPR,TEA,Tees-side AirportTEINMTH,TGM,TeignmouthTELFRDC,TFC,Telford CentralTMPCMB,TMC,TemplecombeTENBY,TEN,TenbyTEYNHAM,TEY,TeynhamTDITTON,THD,Thames DittonTHATCHM,THA,ThatchamTHHT,THH,Thatto HeathHNDSHWT,THW,The HawthornsTHELAKS,TLK,The LakesTHEALE,THE,ThealeTHBLDSG,TEO,Theobalds GroveTHETFD,TTF,ThetfordTHIRSK,THI,ThirskTABY,TBY,ThornabyTHORNEN,TNN,Thorne NorthTHORNES,TNS,Thorne SouthTHFORD,THO,ThornfordTHLB,THB,ThornliebankTHABBEY,TNA,Thornton AbbeyTHTH,TTH,Thornton HeathTHAL,THT,ThorntonhallTHOPBAY,TPB,Thorpe BayTCULVRT,TPC,Thorpe CulvertTHPLESK,TLS,Thorpe-le-SokenTHBDGS,TBD,Three BridgesTHOK,TOK,Three OaksTHRGRTN,THU,ThurgartonTRNO,THC,ThurnscoeTHURSO,THS,ThursoTHUSTON,TRS,ThurstonTLBYTWN,TIL,Tilbury TownTILEH,THL,Tile HillTILHRST,TLH,TilehurstTIPTON,TIP,TiptonTIRPHIL,TIR,Tir-philTISBURY,TIS,TisburyTIVIPW,TVP,Tiverton ParkwayTODMRDN,TOD,TodmordenTOLWTH,TOL,TolworthTONPNTR,TPN,Ton PentreTONBDG,TON,TonbridgeTONDU,TDU,TonduTONFNAU,TNF,TonfanauTNYPNDY,TNP,TonypandyTOOTING,TOO,TootingTOPSHAM,TOP,TopshamTORQUAY,TQY,TorquayTORRE,TRR,TorreTOTNES,TOT,TotnesTTNHMHL,TOM,Tottenham HaleTOTTON,TTN,TottonTOWNGRN,TWN,Town GreenTRFDPK,TRA,Trafford ParkTREFRST,TRF,TrefforestTRFRSTE,TRE,Trefforest EstateTREHAFD,TRH,TrehafodTREHRBT,TRB,TreherbertTREORCY,TRY,TreorchyTRIMLEY,TRM,TrimleyTRING,TRI,TringTRDYRHW,TRD,Troed-y-RhiwTROON,TRN,TroonTRWBRDG,TRO,TrowbridgeTRURO,TRU,TruroTULLOCH,TUL,TullochTULSEH,TUH,Tulse HillTUNWELL,TBW,Tunbridge WellsTURKYST,TUR,Turkey StreetTUTBURY,TUT,Tutbury & HattonTWCKNHM,TWI,TwickenhamTWYFORD,TWY,TwyfordTYCROES,TYC,Ty CroesTYGLAS,TGS,Ty GlasTYGWYN,TYG,TygwynTYNDRML,TYL,Tyndrum LowerTYSL,TYS,TyseleyTYWYN,TYW,TywynUCKFILD,UCK,UckfieldUDNGSTN,UDD,UddingstonULCEBY,ULC,UlcebyULESKLF,ULL,UlleskelfULVRSTN,ULV,UlverstonUMBRLGH,UMB,UmberleighUNVRSYB,UNI,UniversityUPHALL,UHA,UphallUPHOLND,UPL,UphollandUPMNSTR,UPM,UpminsterUHALIFD,UPH,Upper HallifordUPRHLWY,UHL,Upper HollowayTYNDRMU,UTY,Upper TyndrumUWRLNGH,UWL,Upper WarlinghamUPTON,UPT,UptonUPWEY,UPW,UpweyURMSTON,URM,UrmstonUTOXETR,UTT,UttoxeterVALLEY,VAL,ValleyVAUXHAL,VXH,VauxhallVRGNWTR,VIR,Virginia WaterWADDON,WDO,WaddonWADHRST,WAD,WadhurstWAINFLT,WFL,WainfleetWKFLDKG,WKK,Wakefield KirkgateWKFLDWG,WKF,Wakefield WestgateWALKDEN,WKD,WalkdenWALAGRD,WLG,Wallasey Grove RoadWALASYV,WLV,Wallasey VillageWALNGTN,WLT,WallingtonWALLYFD,WAF,WallyfordWALMER,WAM,WalmerWALSALL,WSL,WalsallWDEN,WDN,WalsdenWALHAMX,WLC,Waltham CrossWLTWCEN,WHC,Walthamstow CentralWLTHQRD,WMW,Walthamstow Queens RoadWALTONM,WAO,Walton (Merseyside)WONT,WAL,Walton-on-ThamesWONNAZE,WON,Walton-on-the-NazeWANBRO,WAN,WanboroughWANDCMN,WSW,Wandsworth CommonWNDSWRD,WWR,Wandsworth RoadWDWTOWN,WNT,Wandsworth TownWNSTDPK,WNP,Wanstead ParkWAPPING,WPE,WappingWRBLNGT,WBL,WarblingtonWARE,WAR,WareWARHAM,WRM,WarehamWARGRAV,WGV,WargraveWRMNSTR,WMN,WarminsterWARNHAM,WNH,WarnhamWRGTNBQ,WBQ,Warrington Bank QuayWRGT,WAC,Warrington CentralWARWICK,WRW,WarwickWARWPWY,WRP,Warwick ParkwayWTRORTN,WTO,Water OrtonWATBECH,WBC,WaterbeachWTRNGBY,WTR,WateringburyWLOO,WLO,Waterloo (Merseyside)WATFDHS,WFH,Watford High StreetWATFDJ,WFJ,Watford JunctionWATFDN,WFN,Watford NorthWATLGTN,WTG,WatlingtonWATONAS,WAS,Watton-at-StoneWAUNGRN,WNG,Waun-gron ParkWVRTTEC,WAV,Wavertree Technology ParkWEDGWD,WED,WedgwoodWEELEY,WEE,WeeleyWEETON,WET,WeetonWELHAMG,WMG,Welham GreenWELLING,WLI,WellingWLNGBRO,WEL,WellingboroughWELNGTN,WLN,Wellington (Shropshire)WELSHPL,WLP,WelshpoolWLWYNGC,WGC,Welwyn Garden CityWLWYNN,WLW,Welwyn NorthWEMM,WEM,WemWMBY,WMB,Wembley CentralWEMBLSM,WCX,Wembley StadiumWEMYSSB,WMS,Wemyss BayWENDOVR,WND,WendoverWENNGTN,WNN,WenningtonWALERTN,WSA,West AllertonWBRMPTN,WBP,West BromptonWBYFLET,WBY,West ByfleetWCALDER,WCL,West CalderWCROYDN,WCY,West CroydonWDRYTON,WDT,West DraytonWDULWCH,WDU,West DulwichWEALING,WEA,West EalingWHAM,WEH,West HamWHMDSTD,WHD,West HampsteadWHMPSTM,WHP,West Hampstead ThameslinkWHORNDN,WHR,West HorndonWKILBRD,WKB,West KilbrideWKIRBY,WKI,West KirbyWMALING,WMA,West MallingWNORWOD,WNW,West NorwoodWRUISLP,WRU,West RuislipWRUNTON,WRN,West RuntonWSLE,WLD,West St LeonardsWSUTTON,WSU,West SuttonWWICKHM,WWI,West WickhamWWRTHNG,WWO,West WorthingWSTBRYW,WSB,WestburyWCLIFF,WCF,Westcliff-on-SeaWCOMBEP,WCB,Westcombe ParkWENHNGR,WHA,WestenhangerWHAILES,WTA,Wester HailesWSTRFLD,WFI,WesterfieldWESTRTN,WES,WestertonWESGTOS,WGA,Westgate-on-SeaWSTHOTN,WHG,WesthoughtonWMILTON,WNM,Weston MiltonWSMARE,WSM,Weston-super-MareWETHERL,WRL,WetheralWEYBDGE,WYB,WeybridgeWEYMTH,WEY,WeymouthWHALYBG,WBR,Whaley BridgeWHALLEY,WHE,WhalleyWATSTND,WTS,WhatstandwellWHIFLET,WFF,WhiffletWHIMPLE,WHM,WhimpleWHINH,WNL,WhinhillWHISTON,WHN,WhistonWTBY,WTB,WhitbyWHCH,WHT,Whitchurch (Glamorgan)WHTCHRH,WCH,Whitchurch (Hampshire)WCHR,WTC,Whitchurch (Shropshire)WHHRTLA,WHL,White Hart LaneWNOTLEY,WNY,White NotleyWCHAPEL,ZWL,WhitechapelWTCR,WCR,WhitecraigsWHITHVN,WTH,WhitehavenWHLAND,WTL,WhitlandWHTBDGE,WBD,Whitley BridgeWHLE,WTE,Whitlocks EndWHSTBLE,WHI,WhitstableWHTLSEA,WLE,WhittleseaWTLESFD,WLF,Whittlesford ParkwayWHTTON,WTN,WhittonWHWLL,WWL,WhitwellWHYTELF,WHY,WhyteleafeWHYTLFS,WHS,Whyteleafe SouthWICK,WCK,WickWIKFORD,WIC,WickfordWCKHMMR,WCM,Wickham MarketWDRNGTN,WDD,WiddringtonWIDNES,WID,WidnesWDNYMNR,WMR,Widney ManorWIGANNW,WGN,Wigan North WesternWIGANWL,WGW,Wigan WallgateWIGTON,WGT,WigtonWLDMILL,WMI,WildmillWLSD,WIJ,Willesden JunctionWMWD,WLM,WilliamwoodWLNTNON,WIL,WillingtonWILMCOT,WMC,WilmcoteWLMSL,WML,WilmslowWILNECT,WNE,WilnecoteWIMBLDN,WIM,WimbledonWIMLCHS,WBO,Wimbledon ChaseWINCHLS,WSE,WinchelseaWNCHSTR,WIN,WinchesterWNCFILD,WNF,WinchfieldWNMHILL,WIH,Winchmore HillWMER,WDM,WindermereWINDSEC,WNC,Windsor & Eton CentralWSORAER,WNR,Windsor & Eton RiversideWINERSH,WNS,WinnershWINETGL,WTI,Winnersh TriangleWNSFD,WSF,WinsfordWISHAW,WSH,WishawWITHAME,WTM,WithamWITLEY,WTY,WitleyWITTON,WTT,WittonWVLSFLD,WVF,WivelsfieldWIVENHO,WIV,WivenhoeWOBURNS,WOB,Woburn SandsWOKING,WOK,WokingWOKNGHM,WKM,WokinghamWLDNGHM,WOH,WoldinghamWVRMPTN,WVH,WolverhamptonWLVR,WOL,WolvertonWOMBWEL,WOM,WombwellWDND,WDE,Wood EndWDST,WST,Wood StreetWODBDGE,WDB,WoodbridgeWDGRNPK,WGR,Woodgrange ParkWHHL,WDL,WoodhallWDHOUSE,WDH,WoodhouseWDLESFD,WDS,WoodlesfordWOODLEY,WLY,WoodleyWDMNSTR,WME,WoodmansterneWMOR,WSR,WoodsmoorWOOL,WOO,WoolWOLSTON,WLS,WoolstonWOLWCHA,WWA,Woolwich ArsenalWOLWCDY,WWD,Woolwich DockyardWOTONWN,WWW,Wootton WawenWORCSFS,WOF,Worcester Foregate StreetWRCSTRP,WCP,Worcester ParkWORCSSH,WOS,Worcester Shrub HillWKNT,WKG,WorkingtonWORKSOP,WRK,WorksopWORLE,WOR,WorleWRPLSDN,WPL,WorplesdonWORSTED,WRT,WorsteadWORTHNG,WRH,WorthingWRABNES,WRB,WrabnessWRYSBRY,WRY,WraysburyWRENBRY,WRE,WrenburyWRESSLE,WRS,WressleWREXHMC,WXC,Wrexham CentralWREXHMG,WRX,Wrexham GeneralWYEE,WYE,WyeWYLAM,WYM,WylamWYGN,WYL,Wylde GreenWYMNDHM,WMD,WymondhamWYTH,WYT,WythallYALDING,YAL,YaldingYRDLYWD,YRD,Yardley WoodYAAM,YRM,YarmYATE,YAE,YateYATTON,YAT,YattonYEOFORD,YEO,YeofordYOVILJN,YVJ,Yeovil JunctionYOVILPM,YVP,Yeovil Pen MillYTMNSTR,YET,YetminsterYNYSWEN,YNW,YnyswenYOKER,YOK,YokerYORK,YRK,YorkYORTON,YRT,YortonYSTRADM,YSM,Ystrad MynachYTRHOND,YSR,Ystrad Rhondda